,Tweets
0,"RT @ITGDsports: ""Will be a challenge to play in Australia. #DavidWarner and #SteveSmith are back, #MarnusLabuschagne is doing well. In #ICC‚Ä¶"
1,Big ambitions| Hard work | Timely Correct Breaks in Life and Consistent Performance can make it Reality #IndvsAus‚Ä¶ https://t.co/XCR0ebeTat
2,RT @ITGDsports: We won the series last time and it was the proudest moment in our lives but we need to forget what happened in 2018: Ajinky‚Ä¶
3,RT @ITGDsports: We won the series last time and it was the proudest moment in our lives but we need to forget what happened in 2018: Ajinky‚Ä¶
4,RT @ITGDsports: We won the series last time and it was the proudest moment in our lives but we need to forget what happened in 2018: Ajinky‚Ä¶
5,We won the series last time and it was the proudest moment in our lives but we need to forget what happened in 2018‚Ä¶ https://t.co/9aNv7pVvOL
6,"RT @ITGDsports: ""Will be a challenge to play in Australia. #DavidWarner and #SteveSmith are back, #MarnusLabuschagne is doing well. In #ICC‚Ä¶"
7,"RT @ITGDsports: ""Will be a challenge to play in Australia. #DavidWarner and #SteveSmith are back, #MarnusLabuschagne is doing well. In #ICC‚Ä¶"
8,"RT @ITGDsports: ""Will be a challenge to play in Australia. #DavidWarner and #SteveSmith are back, #MarnusLabuschagne is doing well. In #ICC‚Ä¶"
9,"""Aim is to contribute as batsman, fielder and vice-captain in the upcoming Australia series. Mental and skill wise‚Ä¶ https://t.co/fxiQz4iChj"
10,"RT @ITGDsports: ""Will be a challenge to play in Australia. #DavidWarner and #SteveSmith are back, #MarnusLabuschagne is doing well. In #ICC‚Ä¶"
11,"""Will be a challenge to play in Australia. #DavidWarner and #SteveSmith are back, #MarnusLabuschagne is doing well.‚Ä¶ https://t.co/xxkbKKB81H"
12,@ICC So the off field sledging has already begun. Typical Aussie behaviour. But Wade should be reminded that the cu‚Ä¶ https://t.co/3zdAz2DO6k
13,"The likes of Bumrah, Shami will not be as effective as Wagner, says this Aussie cricketer

https://t.co/oWgg0qQi2t‚Ä¶ https://t.co/rxS5RsDqXR"
14,"RT @cricketnext: ""He‚Äôs done it for a long time now ‚Ä¶ to be honest I‚Äôve never faced a bowler who is so accurate at bowling bouncers,‚Äù‚ÄâWade s‚Ä¶"
15,"""He‚Äôs done it for a long time now ‚Ä¶ to be honest I‚Äôve never faced a bowler who is so accurate at bowling bouncers,‚Äù‚Ä¶ https://t.co/4weaPbBuxU"
16,"Josh Hazlewood, the Aussie pacer, recently named his India-Australia Test XI.

#JoshHazlewood #IndvsAus @BCCI‚Ä¶ https://t.co/AEsFXVX1mR"
17,"RT @Harsha__Designs: Yuvi ! ‚ù§Ô∏è

Do follow and support @Harsha_Designs

#yuvrajsingh #Worldcup #Cricket #yuvi #allrounder @YUVSTRONG12 #Blue‚Ä¶"
18,"RT @Harsha__Designs: Yuvi ! ‚ù§Ô∏è

Do follow and support @Harsha_Designs

#yuvrajsingh #Worldcup #Cricket #yuvi #allrounder @YUVSTRONG12 #Blue‚Ä¶"
19,"RT @Harsha__Designs: Yuvi ! ‚ù§Ô∏è

Do follow and support @Harsha_Designs

#yuvrajsingh #Worldcup #Cricket #yuvi #allrounder @YUVSTRONG12 #Blue‚Ä¶"
20,"#IndvsAus 2011 world cup !! Watching now !! ,,appudu ye feeling undo ippudu ade feeling !! https://t.co/rc5Uwdm3P9"
21,"RT @ITGDsports: #INDvsAUS | ""#ViratKohli would be gearing up for it because it‚Äôs going to be a different challenge with David Warner and #S‚Ä¶"
22,"RT @ITGDsports: #INDvsAUS | ""#ViratKohli would be gearing up for it because it‚Äôs going to be a different challenge with David Warner and #S‚Ä¶"
23,"#INDvsAUS | ""#ViratKohli would be gearing up for it because it‚Äôs going to be a different challenge with David Warne‚Ä¶ https://t.co/UGjY7EAD5v"
24,"RT @JigsThanki1987: According to the report, there is a high possibility that the #BCCI may conduct Team India's training camp in a bio-saf‚Ä¶"
25,"This was üí•üî•
Hope to meet in ICC championship 
#indvsaus
@Jaspritbumrah93 @MdShami11 https://t.co/5jatv6fRpn"
26,@elitecynic the #indvsaus series is called the donald gavaskar trophy
